{"cameraMode":{"drawMode":0,"name":"Shaded","section":"Shading Mode"},"sceneLighting":true,"audioPlay":false,"sceneViewState":{"m_AlwaysRefresh":false,"showFog":true,"showSkybox":true,"showFlares":true,"showImageEffects":true,"showParticleSystems":true,"showVisualEffectGraphs":true,"m_FxEnabled":true},"in2DMode":false,"pivot":{"x":0.07639741897583008,"y":2.2562296390533449,"z":5.204723358154297},"rotation":{"x":0.21795055270195008,"y":0.44660744071006777,"z":-0.11313381046056748,"w":0.8603785037994385},"size":3.9994089603424074,"orthographic":false}