{"cameraMode":{"drawMode":0,"name":"Shaded","section":"Shading Mode"},"sceneLighting":true,"audioPlay":false,"sceneViewState":{"m_AlwaysRefresh":false,"showFog":true,"showSkybox":true,"showFlares":true,"showImageEffects":true,"showParticleSystems":true,"showVisualEffectGraphs":true,"m_FxEnabled":true},"in2DMode":false,"pivot":{"x":0.07639741897583008,"y":2.2562296390533449,"z":5.204723358154297},"rotation":{"x":0.03610788658261299,"y":-0.9634007811546326,"z":0.17143099009990693,"w":0.20291852951049806},"size":3.9994089603424074,"orthographic":false}